{
    "ADAPTS_Mode_Choice_Model": {
        "__comment": "polaris_mode_calibration_v15_Baseline_2101.xlsx - Mode_Choice (6.21)",
        "//": "********************************************",
        "HBW_bCost_Auto_Acc_Egr_XitDrv": -0.657,
        "HBO_bCost_Auto_Acc_Egr_XitDrv": -1.89,
        "HBO_ASC_Auto": 1.1372871132198996,
        "HBO_ASC_Getride": -0.6422222971660838,
        "HBO_ASC_XitWlk": -3.558132718996959,
        "HBO_ASC_XitDrv": -2.3845130813482895,
        "HBO_ASC_RailWlk": -4.82576417865621,
        "HBO_ASC_RailDrv": -2.3845130813482895,
        "HBO_ASC_TNC_AND_RIDE": 4.0357250653224654,
        "HBO_ASC_Walk": 3.09779119045969,
        "HBO_ASC_Bike": -10.0,
        "HBO_ASC_Taxi": 0.0,
        "HBW_ASC_Auto": -2.234110095392223,
        "HBW_ASC_Getride": -4.4775165170917335,
        "HBW_ASC_XitWlk": -3.558132718996959,
        "HBW_ASC_XitDrv": -2.3845130813482895,
        "HBW_ASC_RailWlk": -4.82576417865621,
        "HBW_ASC_RailDrv": -2.3845130813482895,
        "HBW_ASC_TNC_AND_RIDE": 4.0357250653224654,
        "HBW_ASC_Walk": 10.0,
        "HBW_ASC_Bike": -6.691330607755757,
        "HBW_ASC_Taxi": 7.469307860852743,
        "NHB_ASC_Auto": 3.2341848869355734,
        "NHB_ASC_Getride": -7.01521680847612,
        "NHB_ASC_XitWlk": -3.558132718996959,
        "NHB_ASC_XitDrv": -999.0,
        "NHB_ASC_RailWlk": -4.82576417865621,
        "NHB_ASC_RailDrv": -999.0,
        "NHB_ASC_TNC_AND_RIDE": 4.0357250653224654,
        "NHB_ASC_Walk": 3.2764935497115424,
        "NHB_ASC_Bike": -10.0,
        "NHB_ASC_Taxi": 0.0,
        "bTT_multiplier_suburb": 14.76690662751301,
        "HBO_bCost_taxi": -2.73479625787561,
        "HBO_bIVTT_taxi": -0.463938650889612,
        "HBW_bIVTT_taxi": -1.15608152719468,
        "B_Density_Taxi": 2.0,
        "HBO_NEST_AUTO": 0.393700787401575,
        "HBO_NEST_RAIL": 0.714285714285714,
        "HBO_NEST_BIKE_AND_PNR": 1,
        "HBW_NEST_AUTO": 1.0,
        "HBW_NEST_RAIL": 1.0,
        "HBW_NEST_BIKE_AND_PNR": 1.0,
        "HBW_bCost_Generic": -1.34,
        "HBW_bCost_drive_InMotion": 0,
        "HBW_bCost_drive_Parking": -0.781,
        "HBW_bCost_railDrv": 0,
        "HBW_bCost_railWlk": 0,
        "HBW_bCost_taxi": 0,
        "HBW_bCost_xitWlk": 0,
        "HBW_bCost_tncXit": -3.0,
        "HBW_bIVTT_drive": -0.0647,
        "HBW_bIVTT_getRide": -0.0901,
        "HBW_bIVTT_AcEgT_XitWlk": -0.0314,
        "HBW_bInitWait_TransferTime_XitWlk": -0.0628,
        "HBW_bIVTT_AcEgT_XitDrv": -0.0186,
        "HBW_bIVTT_tncAcEg": -0.0186,
        "HBW_bInitWait_TransferTime_XitDrv": -0.0372,
        "HBW_bNumberOfTransfers_XitDrv": 0,
        "HBW_bIVTT_OVTTAcEg_Rail": -0.0186,
        "HBW_bInitWait_TransferTime_Rail": -0.0372,
        "HBW_bIVTT_OVTTAcEg_RailDrv": -0.0186,
        "HBW_bInitWait_TransferTime_RailDrv": -0.0372,
        "HBW_bInitWait_TransferTime_tncXit": -0.0372,
        "HBW_bTotalTime_Rail": 0,
        "HBW_bTotalTime_XitDrv": 0,
        "HBW_b_ActivityDensityAtDestBG_Bike": 0.751,
        "HBW_b_ActivityDensityAtDestBG_Drive": 0,
        "HBW_b_ActivityDensityAtDestBG_Rail": 0,
        "HBW_b_ActivityDensityAtDestBG_Taxi": 0,
        "HBW_b_ActivityDensityAtDestBG_Walk": 0,
        "HBW_b_Edu_AssocPlus_XitWlk": -0.642,
        "HBW_b_Edu_BachPlus_GetRide": -0.217,
        "HBW_b_Edu_Bach_Bike": 0.323,
        "HBW_b_Edu_Bach_Taxi": 0,
        "HBW_b_Edu_Bach_Walk": 0.719,
        "HBW_b_Edu_GradProf_Bike": 0.547,
        "HBW_b_Edu_GradProf_RailWlk": 0,
        "HBW_b_Edu_GradProf_Taxi": 0.445,
        "HBW_b_Edu_GradProf_Walk": 0.524,
        "HBW_b_Edu_LtHS_GetRide": 1.04,
        "HBW_b_Edu_LtHS_XitWlk": 0,
        "HBW_b_Female_GetRide": -0.538,
        "HBW_b_Female_XitWlk": 0,
        "HBW_b_HHSize1_GetRide": -1.94,
        "HBW_b_HHSize_Bike": 0,
        "HBW_b_HHSize_GetRide": 0.0888,
        "HBW_b_HHSize_RailWlk": 0.2,
        "HBW_b_HHSize_XitWlk": 0.404,
        "HBW_b_HHVEH_Bike": -0.671,
        "HBW_b_HHVEH_Drive": 0.462,
        "HBW_b_HHVEH_RailWlk": -0.96,
        "HBW_b_HHVEH_Taxi": -1.33,
        "HBW_b_HHVEH_Walk": -0.319,
        "HBW_b_HHVEH_XitWlk": -2.05,
        "HBW_b_NoDL_Bike": 1.51,
        "HBW_b_NoDL_GetRide": 3.01,
        "HBW_b_NoDL_RailWlk": 1.01,
        "HBW_b_NoDL_Taxi": 1.81,
        "HBW_b_NoDL_Walk": 3.11,
        "HBW_b_OwnSF_RailWlk": -0.283,
        "HBW_b_OwnSF_Taxi": 0,
        "HBW_b_OwnSF_Walk": -0.892,
        "HBW_b_OwnSF_XitWlk": -0.43,
        "HBW_b_RoadNtwkDensityAtDestBG_Drive": -3.5,
        "HBW_b_RoadNtwkDensityAtDestBG_RailDrv": 1.08,
        "HBW_b_RoadNtwkDensityAtDestBG_RailWlk": 1.08,
        "HBW_b_RoadNtwkDensityAtDestBG_Ride": -1.72,
        "HBW_b_RoadNtwkDensityAtDestBG_Walk": 3.63,
        "HBW_b_Student_Bike": 0.93,
        "HBW_b_Student_GetRide": 0.342,
        "HBW_b_Student_RailDrv": 0,
        "HBW_b_Student_RailWlk": 0,
        "HBW_b_Student_Taxi": 0,
        "HBW_b_Student_XitWlk": 0.228,
        "HBW_b_nBikes_Bike": 0.501,
        "HBW_bnmBikeTime_Bike": -0.0398,
        "HBW_bnmWalkTime_Walk": -0.107,
        "HBO_Purp_Change_Mode_Drive": -1.33,
        "HBO_Purp_Change_Mode_XitWlk": -1.17,
        "HBO_Purp_Pickup_or_Dropoff_Pass_Drive": 1.52,
        "HBO_Purp_Pickup_or_Dropoff_Pass_GetRide": 0.319,
        "HBO_Purp_Shop_XitWlk": -0.457,
        "HBO_Purp_SocRec_Bike": 0.643,
        "HBO_Purp_SocRec_GetRide": 0.618,
        "HBO_Purp_SocRec_Walk": 0.347,
        "HBO_Purp_SocRec_XitWlk": -0.284,
        "HBO_bCost_drive_InMotion": -1.49,
        "HBO_bCost_drive_Parking": -0.648,
        "HBO_bCost_railDrv": -2.24,
        "HBO_bCost_railWlk": -2.75,
        "HBO_bCost_xitDrv": -1.83,
        "HBO_bCost_xitWlk": -1.83,
        "HBO_bCost_tncXit": -3.6,
        "HBO_bIVTT_drive": -0.0601,
        "HBO_bIVTT_getRide": -0.0636,
        "HBO_bIVTT_AcEgT_XitWlk": -0.0322,
        "HBO_bIVTT_OVTTAcEg_Rail": -0.0143,
        "HBO_bIVTT_AcEgT_XitDrv": -0.0143,
        "HBO_bIVTT_OVTTAcEg_RailDrv": -0.0143,
        "HBO_bIVTT_tncAcEg": -0.0143,
        "HBO_bInitWait_TransferTime_Rail": -0.0225,
        "HBO_bInitWait_TransferTime_RailDrv": -0.0225,
        "HBO_bInitWait_TransferTime_XitWlk": -0.0644,
        "HBO_bInitWait_TransferTime_XitDrv": -0.0225,
        "HBO_bInitWait_TransferTime_tncXit": -0.0225,
        "HBO_bTotalTime_XitWlk": -0.0322,
        "HBO_bTotalTime_XitDrv": -0.0322,
        "HBO_b_ActivityDensityAtDestBG_Drive": 0,
        "HBO_b_ActivityDensityAtDestBG_Rail": 1.01,
        "HBO_b_ActivityDensityAtDestBG_Walk": 1.44,
        "HBO_b_ActivityDensityAtDestBG_XitWlk": 0.944,
        "HBO_b_Edu_AssocPlus_XitWlk": -0.763,
        "HBO_b_Edu_BachPlus_GetRide": -0.305,
        "HBO_b_Edu_Bach_Bike": 0.227,
        "HBO_b_Edu_Bach_Taxi": 0.365,
        "HBO_b_Edu_Bach_Walk": 0.476,
        "HBO_b_Edu_GradProf_Bike": 0.501,
        "HBO_b_Edu_GradProf_RailWlk": 0.517,
        "HBO_b_Edu_GradProf_Taxi": 0.28,
        "HBO_b_Edu_GradProf_Walk": 0.565,
        "HBO_b_Edu_LtHS_GetRide": 0.599,
        "HBO_b_Edu_LtHS_XitWlk": 1.1,
        "HBO_b_Female_GetRide": -0.988,
        "HBO_b_Female_XitWlk": 0.353,
        "HBO_b_HHSize1_GetRide": -1.63,
        "HBO_b_HHSize_Bike": -0.172,
        "HBO_b_HHSize_GetRide": -0.106,
        "HBO_b_HHSize_RailWlk": 0.113,
        "HBO_b_HHSize_Taxi": 0.17,
        "HBO_b_HHSize_XitWlk": 0.348,
        "HBO_b_HHVEH_Bike": -0.598,
        "HBO_b_HHVEH_Drive": 0.0949,
        "HBO_b_HHVEH_RailWlk": -0.524,
        "HBO_b_HHVEH_Taxi": -0.597,
        "HBO_b_HHVEH_Walk": -0.59,
        "HBO_b_HHVEH_XitWlk": -2.89,
        "HBO_b_NoDL_Bike": 2.8,
        "HBO_b_NoDL_GetRide": 3.37,
        "HBO_b_NoDL_RailWlk": 2.54,
        "HBO_b_NoDL_Taxi": 1.41,
        "HBO_b_NoDL_Walk": 3.16,
        "HBO_b_OwnSF_Drive": 0.108,
        "HBO_b_OwnSF_RailWlk": -0.321,
        "HBO_b_OwnSF_Taxi": -0.34,
        "HBO_b_OwnSF_Walk": -0.504,
        "HBO_b_OwnSF_XitWlk": -0.49,
        "HBO_b_RoadNtwkDensityAtDestBG_Bike": 3.85,